agency_name,Latitude,Longitude,total_items,total_acquisition_value,most_acquired_item,first_acquisition,last_acquisition,slug
ALLEGANY COUNTY SHERIFF DEPT,39.6439618,-78.7795552,6,6535,"FIRING DEVICE,NON-LETHAL",2014-11-05T12:00:00Z,2015-04-29T12:00:00Z,allegany_county_sheriff_dept
ANNAPOLIS POLICE DEPT,38.979072,-76.5064138,13,4906,"RIFLE,5.56 MILLIMETER",1998-09-28T12:00:00Z,2014-03-24T12:00:00Z,annapolis_police_dept
ANNE ARUNDEL COMM COLLEGE PD HI_ED,39.05013,-76.5139672,9,2880,"PISTOL, 40CAL, GLOCK GEN 3",2013-09-19T12:00:00Z,2013-09-19T12:00:00Z,anne_arundel_comm_college_pd_hi_ed
ANNE ARUNDEL COUNTY POLICE DEPT,39.0993048,-76.6255012,694,198964.4,"SIGHT,REFLEX",2003-06-25T12:00:00Z,2021-02-17T12:00:00Z,anne_arundel_county_police_dept
BALTIMORE CITY SHERIFF OFFICE,39.290816,-76.613234,74,21212,"SHOTGUN,12 GAGE,RIOT TYPE",1998-09-28T12:00:00Z,2014-03-24T12:00:00Z,baltimore_city_sheriff_office
BERLIN POLICE DEPT,43.968452,-88.9494765,679,112570.75,"SHOTGUN,12 GAGE,RIOT TYPE",1999-01-28T12:00:00Z,2021-02-17T12:00:00Z,berlin_police_dept
BERWYN HEIGHTS POLICE DEPT,38.9934538,-76.9214544,25,7760,"PISTOL, 40CAL, GLOCK GEN 3",1999-01-28T12:00:00Z,2014-03-24T12:00:00Z,berwyn_heights_police_dept
BLADENSBURG POLICE DEPARTMENT,38.9423122,-76.9328418,29,236344.76,"SIGHT,NIGHT VISION SNIPERSCOPE",2012-11-14T12:00:00Z,2018-06-14T12:00:00Z,bladensburg_police_department
BOWIE POLICE DEPT,33.5597994,-97.8467944,38,82226,"RIFLE,5.56 MILLIMETER",1998-09-28T12:00:00Z,2015-03-30T12:00:00Z,bowie_police_dept
CAMBRIDGE POLICE DEPT,45.5749125,-93.2208203,93,16305,"SIGHT,REFLEX",2003-04-15T12:00:00Z,2015-03-30T12:00:00Z,cambridge_police_dept
CAPITOL HEIGHTS POLICE DEPT,38.884489,-76.91385,1,49897,"TRUCK,UTILITY",2014-04-09T12:00:00Z,2014-04-09T12:00:00Z,capitol_heights_police_dept
CAROLINE COUNTY SHERIFF DEPT,38.051375,-77.3459108,6,2994,"RIFLE,5.56 MILLIMETER",2002-10-21T12:00:00Z,2002-10-21T12:00:00Z,caroline_county_sheriff_dept
CARROLL COUNTY SHERIFF DEPT,36.3553972,-93.5465508,751,43290.4,"RIFLE,5.56 MILLIMETER",2001-05-29T12:00:00Z,2021-02-24T12:00:00Z,carroll_county_sheriff_dept
CECIL COUNTY SHERIFF'S OFFICE,39.6023357,-75.7875464,52,22628,"RIFLE,5.56 MILLIMETER",2003-10-14T12:00:00Z,2014-03-24T12:00:00Z,cecil_county_sheriff's_office
CENTREVILLE POLICE DEPT,39.0476522,-76.0619429,24,60908,"RIFLE,5.56 MILLIMETER",2003-10-14T12:00:00Z,2014-12-03T12:00:00Z,centreville_police_dept
CHARLES COUNTY SHERIFFS  OFFICE,38.5245339,-76.982671,211,223107.72,"RIFLE,5.56 MILLIMETER",1998-09-28T12:00:00Z,2015-03-30T12:00:00Z,charles_county_sheriffs__office
CHESTERTOWN POLICE DEPT,39.2126099,-76.0721454,15,7124,"RIFLE,5.56 MILLIMETER",2003-10-14T12:00:00Z,2004-09-07T12:00:00Z,chestertown_police_dept
COLMAR MANOR POLICE DEPARTMENT,38.9331669,-76.9458078,16,5231.1,"PISTOL, 40CAL, GLOCK GEN 3",1999-01-28T12:00:00Z,2014-04-10T12:00:00Z,colmar_manor_police_department
COPPIN STATE COLLEGE POLICE HI_ED,39.3126011,-76.6579973,70,41128.96,"PISTOL, 40CAL, GLOCK GEN 3",2013-09-19T12:00:00Z,2021-11-10T12:00:00Z,coppin_state_college_police_hi_ed
CUMBERLAND POLICE DEPT,41.9296838,-71.4014086,3,865276,"RIFLE,7.62 MILLIMETER",2004-03-15T12:00:00Z,2016-10-12T12:00:00Z,cumberland_police_dept
DENTON POLICE DEPT,33.2145891,-97.1249886,92,109695.23,"PISTOL,CALIBER .45,AUTOMATIC",1997-04-21T12:00:00Z,2015-03-27T12:00:00Z,denton_police_dept
DORCHESTER COUNTY SHERIFF'S OFFICE,33.042653,-80.2109113,22,619393,"RIFLE,5.56 MILLIMETER",1997-04-21T12:00:00Z,2019-04-25T12:00:00Z,dorchester_county_sheriff's_office
EASTON POLICE DEPT,40.6923725,-75.2115199,660,4118.4,"SANITIZER, HAND (PERSONAL SIZE)",2021-02-17T10:31:25Z,2021-02-17T12:00:00Z,easton_police_dept
FRUITLAND POLICE DEPT,38.3167671,-75.6197141,46,144436,"SIGHT,REFLEX",1998-10-09T12:00:00Z,2014-03-24T12:00:00Z,fruitland_police_dept
GREENBELT POLICE DEPT,39.0066002,-76.8914175,1,460000,ONLY COMPLETE COMBAT/ASSAULT/TACTICAL WHEELED VEHICLES,2000-03-28T12:00:00Z,2000-03-28T12:00:00Z,greenbelt_police_dept
GREENSBORO POLICE DEPT,36.0692861,-79.7934427,10,52887,"SHOTGUN,12 GAGE,RIOT TYPE",1997-04-21T12:00:00Z,2014-03-24T12:00:00Z,greensboro_police_dept
HAMPSTEAD POLICE DEPARTMENT,39.6047821,-76.8500291,5,1358,"RIFLE,5.56 MILLIMETER",2006-08-28T12:00:00Z,2011-10-07T12:00:00Z,hampstead_police_department
HARFORD COUNTY SHERIFFS OFFICE,39.535863,-76.3484962,917,88476.88,"RIFLE,5.56 MILLIMETER",2002-10-21T12:00:00Z,2021-02-17T12:00:00Z,harford_county_sheriffs_office
HOWARD COUNTY SHERIFF DEPT,33.9478215,-93.8457142,2,276,"RIFLE,7.62 MILLIMETER",1998-09-16T12:00:00Z,1998-09-17T12:00:00Z,howard_county_sheriff_dept
HYATTSVILLE POLICE DEPT,38.9529428,-76.9417342,18,69034,"PISTOL, 40CAL, GLOCK GEN 3",2013-09-19T12:00:00Z,2015-03-30T12:00:00Z,hyattsville_police_dept
LA PLATA POLICE DEPT,38.5288314,-76.9772502,24,127065.5,"TRUCK,UTILITY",2014-06-23T12:00:00Z,2016-11-22T12:00:00Z,la_plata_police_dept
LAUREL POLICE DEPT,39.1000861,-76.8560977,1,63894,"TRUCK,UTILITY",2012-05-11T12:00:00Z,2012-05-11T12:00:00Z,laurel_police_dept
MARYLAND CAPITOL POLICE,38.884489,-76.91385,60,24960,"RIFLE,5.56 MILLIMETER",2012-04-24T12:00:00Z,2014-03-24T12:00:00Z,maryland_capitol_police
MONTGOMERY COUNTY POLICE DEPT,34.5473126,-93.6120787,1,733000,MINE RESISTANT VEHICLE,2014-04-21T12:00:00Z,2014-04-21T12:00:00Z,montgomery_county_police_dept
MORGAN STATE UNIV POLICE HI_ED,39.3437959,-76.5843847,14,4706,"SHOTGUN,12 GAGE,RIOT TYPE",1999-01-28T12:00:00Z,2015-03-30T12:00:00Z,morgan_state_univ_police_hi_ed
"NATURAL RESOURCES POLICE DNR",38.95345,-76.35324,838,518943.95,"DUCT,AIR OUTLET",2009-07-17T12:00:00Z,2021-02-17T12:00:00Z,natural_resources_police_dnr
NEW CARROLLTON POLICE DEPT,38.964586,-76.8654404,35,14151,"RIFLE,5.56 MILLIMETER",1999-01-28T12:00:00Z,2015-03-30T12:00:00Z,new_carrollton_police_dept
OCEAN CITY POLICE,38.3882889,-75.0672996,24,76450,"RIFLE,5.56 MILLIMETER",2002-10-21T12:00:00Z,2015-03-30T12:00:00Z,ocean_city_police
OXFORD POLICE DEPARTMENT,37.273492,-97.1692649,11,3096,"SHOTGUN,12 GAGE,RIOT TYPE",1998-10-09T12:00:00Z,2014-03-24T12:00:00Z,oxford_police_department
POCOMOKE CITY POLICE DEPT,38.0756773,-75.5679805,31,80893,"RIFLE,5.56 MILLIMETER",1999-01-28T12:00:00Z,2014-09-29T12:00:00Z,pocomoke_city_police_dept
PRINCE GEORGE COUNTY POLICE DEPT,38.9178072,-76.8749155,37,10566,"RIFLE,7.62 MILLIMETER",1994-11-07T12:00:00Z,2014-03-24T12:00:00Z,prince_george_county_police_dept
PRINCE GEORGE'S CTY SHERIFF OFFICE,38.8150935,-76.7412406,679,21432.64,"RIFLE,5.56 MILLIMETER",1995-03-15T12:00:00Z,2021-02-17T12:00:00Z,prince_george's_cty_sheriff_office
PRINCESS ANNE POLICE DEPT,38.2048091,-75.695705,33,163558,"RIFLE,5.56 MILLIMETER",2006-12-22T12:00:00Z,2015-03-30T12:00:00Z,princess_anne_police_dept
QUEEN ANNES COUNTY SHERIFFS OFFICE,39.0424991,-76.0607663,134,534388.24,"RIFLE,5.56 MILLIMETER",1997-04-21T12:00:00Z,2016-12-19T12:00:00Z,queen_annes_county_sheriffs_office
RIDGELY POLICE DEPT,38.9481816,-75.8842416,9,3238,"PISTOL, 40CAL, GLOCK GEN 3",2004-12-23T12:00:00Z,2013-09-19T12:00:00Z,ridgely_police_dept
RISING SUN POLICE DEPARTMENT,39.6982894,-76.0625963,5,64623,"RIFLE,5.56 MILLIMETER",1996-06-26T12:00:00Z,2014-06-11T12:00:00Z,rising_sun_police_department
SAINT MARYS COUNTY SHERIFF DEPT,38.3047188,-76.6289693,27,11307,"RIFLE,5.56 MILLIMETER",2004-02-12T12:00:00Z,2004-04-22T12:00:00Z,saint_marys_county_sheriff_dept
SAINT MICHAELS POLICE DEPT,38.7861851,-76.2253628,18,8692,"PISTOL, 40CAL, GLOCK GEN 3",2005-02-18T12:00:00Z,2014-09-25T12:00:00Z,saint_michaels_police_dept
SALISBURY POLICE DEPT,38.36955,-75.61438,11,66150,"SHOTGUN,12 GAGE,RIOT TYPE",1999-01-28T12:00:00Z,2013-03-12T12:00:00Z,salisbury_police_dept
SNOW HILL POLICE DEPT,38.1768396,-75.3947194,19,5125.55,"PISTOL, 40CAL, GLOCK GEN 3",1994-11-28T12:00:00Z,2013-09-19T12:00:00Z,snow_hill_police_dept
SOMERSET CSO,37.0593067,-84.6165229,89,58079.68,"PISTOL, 40CAL, GLOCK GEN 3",1994-11-28T12:00:00Z,2015-12-22T07:49:38Z,somerset_cso
STATE POLICE,NA,NA,1490,539327.8,"SIGHT,REFLEX",1994-10-31T12:00:00Z,2021-02-17T12:00:00Z,state_police
TAKOMA PARK POLICE DEPT,NA,NA,29,9267,"RIFLE,7.62 MILLIMETER",2003-06-25T12:00:00Z,2010-09-17T12:00:00Z,takoma_park_police_dept
TRANSIT ADMIN POLICE DEPT,NA,NA,24,9642,"RIFLE,5.56 MILLIMETER",1999-01-28T12:00:00Z,2015-03-30T12:00:00Z,transit_admin_police_dept
UNIV OF MD EASTERN SHORE PD HI_ED,NA,NA,8,3992,"RIFLE,5.56 MILLIMETER",1996-06-26T12:00:00Z,2005-02-14T12:00:00Z,univ_of_md_eastern_shore_pd_hi_ed
WASHINGTON COUNTY SHERIFFS OFFICE,NA,NA,68,26808,"RIFLE,5.56 MILLIMETER",2000-09-07T12:00:00Z,2015-03-30T12:00:00Z,washington_county_sheriffs_office
WICOMICO COUNTY SHERIFF OFFICE,NA,NA,54,983740.5,"RIFLE,5.56 MILLIMETER",1994-10-31T12:00:00Z,2018-12-04T12:00:00Z,wicomico_county_sheriff_office
WORCESTER COUNTY SHERIFF DEPT,NA,NA,13,1794,"RIFLE,7.62 MILLIMETER",1994-11-28T12:00:00Z,2008-01-22T12:00:00Z,worcester_county_sheriff_dept
